{
    "name": "root",
    "metadata": {
        "timer_format_version": "0.1.0",
        "start_time_seconds": "1614449458",
        "python_version": "3.8.5 (default, Sep  3 2020, 21:29:08) [MSC v.1916 64 bit (AMD64)]",
        "command_line_arguments": "C:\\Users\\Peti\\Documents\\GitHub\\Nyomod\\Nyomod1\\ml-agent-01\\Scripts\\mlagents-learn config/Test1.yaml --run-id=AgentTest7",
        "mlagents_version": "0.23.0",
        "mlagents_envs_version": "0.23.0",
        "communication_protocol_version": "1.3.0",
        "pytorch_version": "1.7.1+cu110",
        "numpy_version": "1.18.5",
        "end_time_seconds": "1614449489"
    },
    "total": 30.950553300000003,
    "count": 1,
    "self": 0.014745000000004893,
    "children": {
        "run_training.setup": {
            "total": 0.012839899999999904,
            "count": 1,
            "self": 0.012839899999999904
        },
        "TrainerController.start_learning": {
            "total": 30.9229684,
            "count": 1,
            "self": 0.0381263000000267,
            "children": {
                "TrainerController._reset_env": {
                    "total": 8.7485476,
                    "count": 1,
                    "self": 8.7485476
                },
                "TrainerController.advance": {
                    "total": 21.874209399999962,
                    "count": 1169,
                    "self": 0.015406899999991452,
                    "children": {
                        "env_step": {
                            "total": 21.85880249999997,
                            "count": 1169,
                            "self": 16.240135100000007,
                            "children": {
                                "SubprocessEnvManager._take_step": {
                                    "total": 5.602121399999991,
                                    "count": 1169,
                                    "self": 0.0834068000000272,
                                    "children": {
                                        "TorchPolicy.evaluate": {
                                            "total": 5.518714599999964,
                                            "count": 1154,
                                            "self": 1.0792411999999558,
                                            "children": {
                                                "TorchPolicy.sample_actions": {
                                                    "total": 4.439473400000008,
                                                    "count": 1154,
                                                    "self": 4.439473400000008
                                                }
                                            }
                                        }
                                    }
                                },
                                "workers": {
                                    "total": 0.016545999999973304,
                                    "count": 1168,
                                    "self": 0.0,
                                    "children": {
                                        "worker_root": {
                                            "total": 24.048529099999964,
                                            "count": 1168,
                                            "is_parallel": true,
                                            "self": 9.126933499999978,
                                            "children": {
                                                "steps_from_proto": {
                                                    "total": 0.00039479999999958437,
                                                    "count": 1,
                                                    "is_parallel": true,
                                                    "self": 0.00012300000000120548,
                                                    "children": {
                                                        "_process_vector_observation": {
                                                            "total": 0.0002717999999983789,
                                                            "count": 4,
                                                            "is_parallel": true,
                                                            "self": 0.0002717999999983789
                                                        }
                                                    }
                                                },
                                                "UnityEnvironment.step": {
                                                    "total": 14.921200799999987,
                                                    "count": 1168,
                                                    "is_parallel": true,
                                                    "self": 0.08370850000001795,
                                                    "children": {
                                                        "UnityEnvironment._generate_step_input": {
                                                            "total": 0.2015124999999749,
                                                            "count": 1168,
                                                            "is_parallel": true,
                                                            "self": 0.2015124999999749
                                                        },
                                                        "communicator.exchange": {
                                                            "total": 14.337343400000012,
                                                            "count": 1168,
                                                            "is_parallel": true,
                                                            "self": 14.337343400000012
                                                        },
                                                        "steps_from_proto": {
                                                            "total": 0.2986363999999817,
                                                            "count": 1168,
                                                            "is_parallel": true,
                                                            "self": 0.09824540000004944,
                                                            "children": {
                                                                "_process_vector_observation": {
                                                                    "total": 0.20039099999993226,
                                                                    "count": 4672,
                                                                    "is_parallel": true,
                                                                    "self": 0.20039099999993226
                                                                }
                                                            }
                                                        }
                                                    }
                                                }
                                            }
                                        }
                                    }
                                }
                            }
                        }
                    }
                },
                "trainer_threads": {
                    "total": 2.360000000578566e-05,
                    "count": 1,
                    "self": 2.360000000578566e-05,
                    "children": {
                        "thread_root": {
                            "total": 0.0,
                            "count": 0,
                            "is_parallel": true,
                            "self": 0.0,
                            "children": {
                                "trainer_advance": {
                                    "total": 21.877206299999912,