{
    "name": "root",
    "metadata": {
        "timer_format_version": "0.1.0",
        "start_time_seconds": "1614596681",
        "python_version": "3.8.5 (default, Sep  3 2020, 21:29:08) [MSC v.1916 64 bit (AMD64)]",
        "command_line_arguments": "C:\\Users\\Peti\\Documents\\GitHub\\Nyomod\\Nyomod1\\ml-agent-01\\Scripts\\mlagents-learn config/Test1.yaml --run-id=ShootAgent01",
        "mlagents_version": "0.23.0",
        "mlagents_envs_version": "0.23.0",
        "communication_protocol_version": "1.3.0",
        "pytorch_version": "1.7.1+cu110",
        "numpy_version": "1.18.5",
        "end_time_seconds": "1614596734"
    },
    "total": 52.3879227,
    "count": 1,
    "self": 0.0244658999999956,
    "children": {
        "run_training.setup": {
            "total": 0.0964510999999999,
            "count": 1,
            "self": 0.0964510999999999
        },
        "TrainerController.start_learning": {
            "total": 52.2670057,
            "count": 1,
            "self": 0.06034070000003311,
            "children": {
                "TrainerController._reset_env": {
                    "total": 14.898143999999998,
                    "count": 1,
                    "self": 14.898143999999998
                },
                "TrainerController.advance": {
                    "total": 36.93798509999996,
                    "count": 1924,
                    "self": 0.027118999999871107,
                    "children": {
                        "env_step": {
                            "total": 36.91086610000009,
                            "count": 1924,
                            "self": 26.490157900000067,
                            "children": {
                                "SubprocessEnvManager._take_step": {
                                    "total": 10.391051100000023,
                                    "count": 1924,
                                    "self": 0.15885199999997468,
                                    "children": {
                                        "TorchPolicy.evaluate": {
                                            "total": 10.232199100000049,
                                            "count": 1924,
                                            "self": 1.949585299999935,
                                            "children": {
                                                "TorchPolicy.sample_actions": {
                                                    "total": 8.282613800000114,
                                                    "count": 1924,
                                                    "self": 8.282613800000114
                                                }
                                            }
                                        }
                                    }
                                },
                                "workers": {
                                    "total": 0.029657100000001435,
                                    "count": 1923,
                                    "self": 0.0,
                                    "children": {
                                        "worker_root": {
                                            "total": 41.02710049999977,
                                            "count": 1923,
                                            "is_parallel": true,
                                            "self": 16.963082899999822,
                                            "children": {
                                                "steps_from_proto": {
                                                    "total": 0.0007947000000001481,
                                                    "count": 1,
                                                    "is_parallel": true,
                                                    "self": 0.00013419999999975118,
                                                    "children": {
                                                        "_process_vector_observation": {
                                                            "total": 0.0006605000000003969,
                                                            "count": 4,
                                                            "is_parallel": true,
                                                            "self": 0.0006605000000003969
                                                        }
                                                    }
                                                },
                                                "UnityEnvironment.step": {
                                                    "total": 24.063222899999946,
                                                    "count": 1923,
                                                    "is_parallel": true,
                                                    "self": 0.15208480000007185,
                                                    "children": {
                                                        "UnityEnvironment._generate_step_input": {
                                                            "total": 0.38072540000005084,
                                                            "count": 1923,
                                                            "is_parallel": true,
                                                            "self": 0.38072540000005084
                                                        },
                                                        "communicator.exchange": {
                                                            "total": 22.98757049999991,
                                                            "count": 1923,
                                                            "is_parallel": true,
                                                            "self": 22.98757049999991
                                                        },
                                                        "steps_from_proto": {
                                                            "total": 0.5428421999999102,
                                                            "count": 1923,
                                                            "is_parallel": true,
                                                            "self": 0.1821709999998582,
                                                            "children": {
                                                                "_process_vector_observation": {
                                                                    "total": 0.36067120000005204,
                                                                    "count": 7692,
                                                                    "is_parallel": true,
                                                                    "self": 0.36067120000005204
                                                                }
                                                            }
                                                        }
                                                    }
                                                }
                                            }
                                        }
                                    }
                                }
                            }
                        }
                    }
                },
                "trainer_threads": {
                    "total": 2.4299999999755073e-05,
                    "count": 1,
                    "self": 2.4299999999755073e-05,
                    "children": {
                        "thread_root": {
                            "total": 0.0,
                            "count": 0,
                            "is_parallel": true,
                            "self": 0.0,
                            "children": {
                                "trainer_advance": {
                                    "total": 36.93034000000012,