{
    "name": "root",
    "metadata": {
        "timer_format_version": "0.1.0",
        "start_time_seconds": "1614448858",
        "python_version": "3.8.5 (default, Sep  3 2020, 21:29:08) [MSC v.1916 64 bit (AMD64)]",
        "command_line_arguments": "C:\\Users\\Peti\\Documents\\GitHub\\Nyomod\\Nyomod1\\ml-agent-01\\Scripts\\mlagents-learn config/Test1.yaml --run-id=AgentTest2",
        "mlagents_version": "0.23.0",
        "mlagents_envs_version": "0.23.0",
        "communication_protocol_version": "1.3.0",
        "pytorch_version": "1.7.1+cu110",
        "numpy_version": "1.18.5",
        "end_time_seconds": "1614448891"
    },
    "total": 32.5086504,
    "count": 1,
    "self": 0.014531699999999148,
    "children": {
        "run_training.setup": {
            "total": 0.01785049999999999,
            "count": 1,
            "self": 0.01785049999999999
        },
        "TrainerController.start_learning": {
            "total": 32.4762682,
            "count": 1,
            "self": 0.031047699999966483,
            "children": {
                "TrainerController._reset_env": {
                    "total": 9.906020999999999,
                    "count": 1,
                    "self": 9.906020999999999
                },
                "TrainerController.advance": {
                    "total": 22.25055520000003,
                    "count": 857,
                    "self": 0.011427400000059151,
                    "children": {
                        "env_step": {
                            "total": 22.23912779999997,
                            "count": 857,
                            "self": 17.585497700000044,
                            "children": {
                                "SubprocessEnvManager._take_step": {
                                    "total": 4.641185499999985,
                                    "count": 857,
                                    "self": 0.06272560000002336,
                                    "children": {
                                        "TorchPolicy.evaluate": {
                                            "total": 4.578459899999961,
                                            "count": 844,
                                            "self": 0.8143135999998936,
                                            "children": {
                                                "TorchPolicy.sample_actions": {
                                                    "total": 3.7641463000000677,
                                                    "count": 844,
                                                    "self": 3.7641463000000677
                                                }
                                            }
                                        }
                                    }
                                },
                                "workers": {
                                    "total": 0.01244459999994163,
                                    "count": 856,
                                    "self": 0.0,
                                    "children": {
                                        "worker_root": {
                                            "total": 25.59881869999994,
                                            "count": 856,
                                            "is_parallel": true,
                                            "self": 9.045935699999916,
                                            "children": {
                                                "steps_from_proto": {
                                                    "total": 0.0007344000000006901,
                                                    "count": 1,
                                                    "is_parallel": true,
                                                    "self": 0.00024750000000128836,
                                                    "children": {
                                                        "_process_vector_observation": {
                                                            "total": 0.0004868999999994017,
                                                            "count": 4,
                                                            "is_parallel": true,
                                                            "self": 0.0004868999999994017
                                                        }
                                                    }
                                                },
                                                "UnityEnvironment.step": {
                                                    "total": 16.55214860000002,
                                                    "count": 856,
                                                    "is_parallel": true,
                                                    "self": 0.06287540000003489,
                                                    "children": {
                                                        "UnityEnvironment._generate_step_input": {
                                                            "total": 0.15223969999997244,
                                                            "count": 856,
                                                            "is_parallel": true,
                                                            "self": 0.15223969999997244
                                                        },
                                                        "communicator.exchange": {
                                                            "total": 16.121021600000006,
                                                            "count": 856,
                                                            "is_parallel": true,
                                                            "self": 16.121021600000006
                                                        },
                                                        "steps_from_proto": {
                                                            "total": 0.21601190000000514,
                                                            "count": 856,
                                                            "is_parallel": true,
                                                            "self": 0.07164339999997438,
                                                            "children": {
                                                                "_process_vector_observation": {
                                                                    "total": 0.14436850000003076,
                                                                    "count": 3424,
                                                                    "is_parallel": true,
                                                                    "self": 0.14436850000003076
                                                                }
                                                            }
                                                        }
                                                    }
                                                }
                                            }
                                        }
                                    }
                                }
                            }
                        }
                    }
                },
                "trainer_threads": {
                    "total": 3.869999999750462e-05,
                    "count": 1,
                    "self": 3.869999999750462e-05,
                    "children": {
                        "thread_root": {
                            "total": 0.0,
                            "count": 0,
                            "is_parallel": true,
                            "self": 0.0,
                            "children": {
                                "trainer_advance": {
                                    "total": 22.242714200000037,