{
    "name": "root",
    "metadata": {
        "timer_format_version": "0.1.0",
        "start_time_seconds": "1614449736",
        "python_version": "3.8.5 (default, Sep  3 2020, 21:29:08) [MSC v.1916 64 bit (AMD64)]",
        "command_line_arguments": "C:\\Users\\Peti\\Documents\\GitHub\\Nyomod\\Nyomod1\\ml-agent-01\\Scripts\\mlagents-learn config/Test1.yaml --run-id=AgentTest11",
        "mlagents_version": "0.23.0",
        "mlagents_envs_version": "0.23.0",
        "communication_protocol_version": "1.3.0",
        "pytorch_version": "1.7.1+cu110",
        "numpy_version": "1.18.5",
        "end_time_seconds": "1614449767"
    },
    "total": 30.6263988,
    "count": 1,
    "self": 0.01647199999999671,
    "children": {
        "run_training.setup": {
            "total": 0.013271400000000266,
            "count": 1,
            "self": 0.013271400000000266
        },
        "TrainerController.start_learning": {
            "total": 30.596655400000003,
            "count": 1,
            "self": 0.05079250000000357,
            "children": {
                "TrainerController._reset_env": {
                    "total": 8.1201191,
                    "count": 1,
                    "self": 8.1201191
                },
                "TrainerController.advance": {
                    "total": 22.2235661,
                    "count": 1619,
                    "self": 0.01978880000003258,
                    "children": {
                        "env_step": {
                            "total": 22.203777299999967,
                            "count": 1619,
                            "self": 17.528050300000018,
                            "children": {
                                "SubprocessEnvManager._take_step": {
                                    "total": 4.654467899999929,
                                    "count": 1619,
                                    "self": 0.10150729999979369,
                                    "children": {
                                        "TorchPolicy.evaluate": {
                                            "total": 4.5529606000001355,
                                            "count": 1577,
                                            "self": 1.0642633000001531,
                                            "children": {
                                                "TorchPolicy.sample_actions": {
                                                    "total": 3.4886972999999823,
                                                    "count": 1577,
                                                    "self": 3.4886972999999823
                                                }
                                            }
                                        }
                                    }
                                },
                                "workers": {
                                    "total": 0.021259100000019515,
                                    "count": 1618,
                                    "self": 0.0,
                                    "children": {
                                        "worker_root": {
                                            "total": 24.123163800000036,
                                            "count": 1618,
                                            "is_parallel": true,
                                            "self": 8.190193500000065,
                                            "children": {
                                                "steps_from_proto": {
                                                    "total": 0.000754699999999886,
                                                    "count": 1,
                                                    "is_parallel": true,
                                                    "self": 0.000251200000000118,
                                                    "children": {
                                                        "_process_vector_observation": {
                                                            "total": 0.000503499999999768,
                                                            "count": 4,
                                                            "is_parallel": true,
                                                            "self": 0.000503499999999768
                                                        }
                                                    }
                                                },
                                                "UnityEnvironment.step": {
                                                    "total": 15.93221559999997,
                                                    "count": 1618,
                                                    "is_parallel": true,
                                                    "self": 0.11427489999996787,
                                                    "children": {
                                                        "UnityEnvironment._generate_step_input": {
                                                            "total": 0.2625376000000781,
                                                            "count": 1618,
                                                            "is_parallel": true,
                                                            "self": 0.2625376000000781
                                                        },
                                                        "communicator.exchange": {
                                                            "total": 15.153730399999937,
                                                            "count": 1618,
                                                            "is_parallel": true,
                                                            "self": 15.153730399999937
                                                        },
                                                        "steps_from_proto": {
                                                            "total": 0.4016726999999882,
                                                            "count": 1618,
                                                            "is_parallel": true,
                                                            "self": 0.13446840000010596,
                                                            "children": {
                                                                "_process_vector_observation": {
                                                                    "total": 0.26720429999988227,
                                                                    "count": 6472,
                                                                    "is_parallel": true,
                                                                    "self": 0.26720429999988227
                                                                }
                                                            }
                                                        }
                                                    }
                                                }
                                            }
                                        }
                                    }
                                }
                            }
                        }
                    }
                },
                "trainer_threads": {
                    "total": 2.260000000120499e-05,
                    "count": 1,
                    "self": 2.260000000120499e-05,
                    "children": {
                        "thread_root": {
                            "total": 0.0,
                            "count": 0,
                            "is_parallel": true,
                            "self": 0.0,
                            "children": {
                                "trainer_advance": {
                                    "total": 22.237801900000033,