{
    "name": "root",
    "metadata": {
        "timer_format_version": "0.1.0",
        "start_time_seconds": "1614449807",
        "python_version": "3.8.5 (default, Sep  3 2020, 21:29:08) [MSC v.1916 64 bit (AMD64)]",
        "command_line_arguments": "C:\\Users\\Peti\\Documents\\GitHub\\Nyomod\\Nyomod1\\ml-agent-01\\Scripts\\mlagents-learn config/Test1.yaml --run-id=AgentTest12",
        "mlagents_version": "0.23.0",
        "mlagents_envs_version": "0.23.0",
        "communication_protocol_version": "1.3.0",
        "pytorch_version": "1.7.1+cu110",
        "numpy_version": "1.18.5",
        "end_time_seconds": "1614449861"
    },
    "total": 54.1986408,
    "count": 1,
    "self": 0.016431999999994673,
    "children": {
        "run_training.setup": {
            "total": 0.010650099999999885,
            "count": 1,
            "self": 0.010650099999999885
        },
        "TrainerController.start_learning": {
            "total": 54.171558700000006,
            "count": 1,
            "self": 0.09585690000020719,
            "children": {
                "TrainerController._reset_env": {
                    "total": 7.7974274,
                    "count": 1,
                    "self": 7.7974274
                },
                "TrainerController.advance": {
                    "total": 46.072615199999795,
                    "count": 3640,
                    "self": 0.04577719999988972,
                    "children": {
                        "env_step": {
                            "total": 46.026837999999906,
                            "count": 3640,
                            "self": 37.07206299999983,
                            "children": {
                                "SubprocessEnvManager._take_step": {
                                    "total": 8.908320499999977,
                                    "count": 3640,
                                    "self": 0.2217538000000605,
                                    "children": {
                                        "TorchPolicy.evaluate": {
                                            "total": 8.686566699999917,
                                            "count": 3537,
                                            "self": 2.2680011000001254,
                                            "children": {
                                                "TorchPolicy.sample_actions": {
                                                    "total": 6.418565599999791,
                                                    "count": 3537,
                                                    "self": 6.418565599999791
                                                }
                                            }
                                        }
                                    }
                                },
                                "workers": {
                                    "total": 0.04645450000010243,
                                    "count": 3639,
                                    "self": 0.0,
                                    "children": {
                                        "worker_root": {
                                            "total": 47.68222210000001,
                                            "count": 3639,
                                            "is_parallel": true,
                                            "self": 14.042964800000071,
                                            "children": {
                                                "steps_from_proto": {
                                                    "total": 0.0006047000000002356,
                                                    "count": 1,
                                                    "is_parallel": true,
                                                    "self": 0.00020410000000037343,
                                                    "children": {
                                                        "_process_vector_observation": {
                                                            "total": 0.0004005999999998622,
                                                            "count": 4,
                                                            "is_parallel": true,
                                                            "self": 0.0004005999999998622
                                                        }
                                                    }
                                                },
                                                "UnityEnvironment.step": {
                                                    "total": 33.638652599999936,
                                                    "count": 3639,
                                                    "is_parallel": true,
                                                    "self": 0.24158180000003426,
                                                    "children": {
                                                        "UnityEnvironment._generate_step_input": {
                                                            "total": 0.5587182999999953,
                                                            "count": 3639,
                                                            "is_parallel": true,
                                                            "self": 0.5587182999999953
                                                        },
                                                        "communicator.exchange": {
                                                            "total": 31.9897141,
                                                            "count": 3639,
                                                            "is_parallel": true,
                                                            "self": 31.9897141
                                                        },
                                                        "steps_from_proto": {
                                                            "total": 0.8486383999999081,
                                                            "count": 3639,
                                                            "is_parallel": true,
                                                            "self": 0.2791446000000022,
                                                            "children": {
                                                                "_process_vector_observation": {
                                                                    "total": 0.5694937999999059,
                                                                    "count": 14556,
                                                                    "is_parallel": true,
                                                                    "self": 0.5694937999999059
                                                                }
                                                            }
                                                        }
                                                    }
                                                }
                                            }
                                        }
                                    }
                                }
                            }
                        }
                    }
                },
                "trainer_threads": {
                    "total": 1.740000000438613e-05,
                    "count": 1,
                    "self": 1.740000000438613e-05,
                    "children": {
                        "thread_root": {
                            "total": 0.0,
                            "count": 0,
                            "is_parallel": true,
                            "self": 0.0,
                            "children": {
                                "trainer_advance": {
                                    "total": 46.0883011000001,