{
    "name": "root",
    "gauges": {
        "EnemyAgent.Policy.Entropy.mean": {
            "value": 1.4098014831542969,
            "min": 1.4098014831542969,
            "max": 1.4208770990371704,
            "count": 10
        },
        "EnemyAgent.Policy.ExtrinsicValueEstimate.mean": {
            "value": -0.8352181315422058,
            "min": -0.8537420630455017,
            "max": -0.7835787534713745,
            "count": 10
        },
        "EnemyAgent.Environment.EpisodeLength.mean": {
            "value": 159.05128205128204,
            "min": 158.96835443037975,
            "max": 160.19417475728156,
            "count": 10
        },
        "EnemyAgent.Environment.CumulativeReward.mean": {
            "value": -2.0975981094062903,
            "min": -2.0975981094062903,
            "max": -2.067802630292559,
            "count": 10
        },
        "EnemyAgent.Policy.ExtrinsicReward.mean": {
            "value": -2.0975981094062903,
            "min": -2.0975981094062903,
            "max": -2.067802630292559,
            "count": 10
        },
        "EnemyAgent.Losses.PolicyLoss.mean": {
            "value": 0.023688884763978423,
            "min": 0.020964477117134568,
            "max": 0.025498196976744415,
            "count": 10
        },
        "EnemyAgent.Losses.ValueLoss.mean": {
            "value": 0.006867940289278824,
            "min": 0.0064834274755169955,
            "max": 0.02018333045998588,
            "count": 10
        },
        "EnemyAgent.Policy.LearningRate.mean": {
            "value": 1.6295734568120004e-05,
            "min": 1.6295734568120004e-05,
            "max": 0.00028453200515599997,
            "count": 10
        },
        "EnemyAgent.Policy.Epsilon.mean": {
            "value": 0.10543188000000003,
            "min": 0.10543188000000003,
            "max": 0.19484400000000002,
            "count": 10
        },
        "EnemyAgent.Policy.Beta.mean": {
            "value": 0.000281050812,
            "min": 0.000281050812,
            "max": 0.004742715600000001,
            "count": 10
        },
        "EnemyAgent.IsTraining.mean": {
            "value": 1.0,
            "min": 1.0,
            "max": 1.0,
            "count": 10
        }
    },
    "metadata": {
        "timer_format_version": "0.1.0",
        "start_time_seconds": "1614644664",
        "python_version": "3.8.5 (default, Sep  3 2020, 21:29:08) [MSC v.1916 64 bit (AMD64)]",
        "command_line_arguments": "C:\\Users\\Peti\\Documents\\GitHub\\Nyomod\\Nyomod1\\ml-agent-01\\Scripts\\mlagents-learn config/Test1.yaml --env=Teach/SzakdogaProba --num-envs=10 --run-id=NightTest2",
        "mlagents_version": "0.23.0",
        "mlagents_envs_version": "0.23.0",
        "communication_protocol_version": "1.3.0",
        "pytorch_version": "1.7.1+cu110",
        "numpy_version": "1.18.5",
        "end_time_seconds": "1614647269"
    },
    "total": 2605.0033235,
    "count": 1,
    "self": 0.9490129999999226,
    "children": {
        "run_training.setup": {
            "total": 0.13536400000000004,
            "count": 1,
            "self": 0.13536400000000004
        },
        "TrainerController.start_learning": {
            "total": 2603.9189465,
            "count": 1,
            "self": 4.7417527000257,
            "children": {
                "TrainerController._reset_env": {
                    "total": 12.519201500000001,
                    "count": 1,
                    "self": 12.519201500000001
                },
                "TrainerController.advance": {
                    "total": 2586.5534209999746,
                    "count": 62784,
                    "self": 1.3518235999667922,
                    "children": {
                        "env_step": {
                            "total": 2585.201597400008,
                            "count": 62784,
                            "self": 242.44760389995463,
                            "children": {
                                "SubprocessEnvManager._take_step": {
                                    "total": 2337.406961800046,
                                    "count": 503015,
                                    "self": 45.90054320001627,
                                    "children": {
                                        "TorchPolicy.evaluate": {
                                            "total": 2291.5064186000295,
                                            "count": 500281,
                                            "self": 449.8779416001048,
                                            "children": {
                                                "TorchPolicy.sample_actions": {
                                                    "total": 1841.6284769999247,
                                                    "count": 500281,
                                                    "self": 1841.6284769999247
                                                }
                                            }
                                        }
                                    }
                                },
                                "workers": {
                                    "total": 5.347031700007459,
                                    "count": 62784,
                                    "self": 0.0,
                                    "children": {
                                        "worker_root": {
                                            "total": 25901.447306499882,
                                            "count": 503013,
                                            "is_parallel": true,
                                            "self": 22590.517280399876,
                                            "children": {
                                                "steps_from_proto": {
                                                    "total": 0.004832700000003243,
                                                    "count": 10,
                                                    "is_parallel": true,
                                                    "self": 0.0015277000000004648,
                                                    "children": {
                                                        "_process_vector_observation": {
                                                            "total": 0.003305000000002778,
                                                            "count": 40,
                                                            "is_parallel": true,
                                                            "self": 0.003305000000002778
                                                        }
                                                    }
                                                },
                                                "UnityEnvironment.step": {
                                                    "total": 3310.9251934000076,
                                                    "count": 503013,
                                                    "is_parallel": true,
                                                    "self": 50.98222399997849,
                                                    "children": {
                                                        "UnityEnvironment._generate_step_input": {
                                                            "total": 113.85980180005674,
                                                            "count": 503013,
                                                            "is_parallel": true,
                                                            "self": 113.85980180005674
                                                        },
                                                        "communicator.exchange": {
                                                            "total": 2977.132478000037,
                                                            "count": 503013,