{
    "name": "root",
    "gauges": {
        "EnemyAgent.Policy.Entropy.mean": {
            "value": 1.4155638217926025,
            "min": 1.4155638217926025,
            "max": 1.4178434610366821,
            "count": 2
        },
        "EnemyAgent.Policy.ExtrinsicValueEstimate.mean": {
            "value": -0.01983904466032982,
            "min": -0.01983904466032982,
            "max": 0.9577184915542603,
            "count": 2
        },
        "EnemyAgent.Environment.EpisodeLength.mean": {
            "value": 159.04777070063693,
            "min": 159.04777070063693,
            "max": 160.6887417218543,
            "count": 2
        },
        "EnemyAgent.Environment.CumulativeReward.mean": {
            "value": -2.0976560894091416,
            "min": -2.0976560894091416,
            "max": -2.054887453254485,
            "count": 2
        },
        "EnemyAgent.Policy.ExtrinsicReward.mean": {
            "value": -2.0976560894091416,
            "min": -2.0976560894091416,
            "max": -2.054887453254485,
            "count": 2
        },
        "EnemyAgent.Losses.PolicyLoss.mean": {
            "value": 0.024261592148492734,
            "min": 0.024261592148492734,
            "max": 0.026433576312451378,
            "count": 2
        },
        "EnemyAgent.Losses.ValueLoss.mean": {
            "value": 0.08024422066907089,
            "min": 0.08024422066907089,
            "max": 0.25445726898809273,
            "count": 2
        },
        "EnemyAgent.Policy.LearningRate.mean": {
            "value": 0.0002567953344015599,
            "min": 0.0002567953344015599,
            "max": 0.0002845851051383,
            "count": 2
        },
        "EnemyAgent.Policy.Epsilon.mean": {
            "value": 0.18559844000000003,
            "min": 0.18559844000000003,
            "max": 0.19486170000000003,
            "count": 2
        },
        "EnemyAgent.Policy.Beta.mean": {
            "value": 0.004281362156,
            "min": 0.004281362156,
            "max": 0.004743598829999999,
            "count": 2
        },
        "EnemyAgent.IsTraining.mean": {
            "value": 1.0,
            "min": 1.0,
            "max": 1.0,
            "count": 2
        }
    },
    "metadata": {
        "timer_format_version": "0.1.0",
        "start_time_seconds": "1614671703",
        "python_version": "3.8.5 (default, Sep  3 2020, 21:29:08) [MSC v.1916 64 bit (AMD64)]",
        "command_line_arguments": "C:\\Users\\Peti\\Documents\\GitHub\\Nyomod\\Nyomod1\\ml-agent-01\\Scripts\\mlagents-learn config/Test1.yaml --env=Teach/SzakdogaProba --num-envs=14 --run-id=NightTest3",
        "mlagents_version": "0.23.0",
        "mlagents_envs_version": "0.23.0",
        "communication_protocol_version": "1.3.0",
        "pytorch_version": "1.7.1+cu110",
        "numpy_version": "1.18.5",
        "end_time_seconds": "1614672607"
    },
    "total": 904.4024365,
    "count": 1,
    "self": 0.39918440000008104,
    "children": {
        "run_training.setup": {
            "total": 0.08327950000000062,
            "count": 1,
            "self": 0.08327950000000062
        },
        "TrainerController.start_learning": {
            "total": 903.9199725999999,
            "count": 1,
            "self": 0.9208316999933004,
            "children": {
                "TrainerController._reset_env": {
                    "total": 23.1028443,
                    "count": 1,
                    "self": 23.1028443
                },
                "TrainerController.advance": {
                    "total": 878.8212223000065,
                    "count": 11259,
                    "self": 0.2221863000132771,
                    "children": {
                        "env_step": {
                            "total": 878.5990359999932,
                            "count": 11259,
                            "self": 72.97444379998774,
                            "children": {
                                "SubprocessEnvManager._take_step": {
                                    "total": 803.8545828000032,
                                    "count": 142364,
                                    "self": 13.25431500000343,
                                    "children": {
                                        "TorchPolicy.evaluate": {
                                            "total": 790.6002677999998,
                                            "count": 141621,
                                            "self": 143.69641409998223,
                                            "children": {
                                                "TorchPolicy.sample_actions": {
                                                    "total": 646.9038537000175,
                                                    "count": 141621,
                                                    "self": 646.9038537000175
                                                }
                                            }
                                        }
                                    }
                                },
                                "workers": {
                                    "total": 1.7700094000023334,
                                    "count": 11258,
                                    "self": 0.0,
                                    "children": {
                                        "worker_root": {
                                            "total": 12384.028646399947,
                                            "count": 142362,
                                            "is_parallel": true,
                                            "self": 11425.943606999934,
                                            "children": {
                                                "steps_from_proto": {
                                                    "total": 0.024441699999997013,
                                                    "count": 14,
                                                    "is_parallel": true,
                                                    "self": 0.01632449999999075,
                                                    "children": {
                                                        "_process_vector_observation": {
                                                            "total": 0.008117200000006264,
                                                            "count": 56,
                                                            "is_parallel": true,
                                                            "self": 0.008117200000006264
                                                        }
                                                    }
                                                },
                                                "UnityEnvironment.step": {
                                                    "total": 958.0605977000142,
                                                    "count": 142362,
                                                    "is_parallel": true,
                                                    "self": 14.593242000007308,
                                                    "children": {
                                                        "UnityEnvironment._generate_step_input": {
                                                            "total": 31.580067200012746,
                                                            "count": 142362,
                                                            "is_parallel": true,
                                                            "self": 31.580067200012746
                                                        },
                                                        "communicator.exchange": {
                                                            "total": 863.5325858999951,
                                                            "count": 142362,