{
    "name": "root",
    "metadata": {
        "timer_format_version": "0.1.0",
        "start_time_seconds": "1614674013",
        "python_version": "3.8.5 (default, Sep  3 2020, 21:29:08) [MSC v.1916 64 bit (AMD64)]",
        "command_line_arguments": "C:\\Users\\Peti\\Documents\\GitHub\\Nyomod\\Nyomod1\\ml-agent-01\\Scripts\\mlagents-learn config/Test1.yaml --run-id=Agent01",
        "mlagents_version": "0.23.0",
        "mlagents_envs_version": "0.23.0",
        "communication_protocol_version": "1.3.0",
        "pytorch_version": "1.7.1+cu110",
        "numpy_version": "1.18.5",
        "end_time_seconds": "1614674107"
    },
    "total": 93.8604294,
    "count": 1,
    "self": 0.014355299999991189,
    "children": {
        "run_training.setup": {
            "total": 0.012814000000000103,
            "count": 1,
            "self": 0.012814000000000103
        },
        "TrainerController.start_learning": {
            "total": 93.8332601,
            "count": 1,
            "self": 1.078504399999943,
            "children": {
                "TrainerController._reset_env": {
                    "total": 15.2859817,
                    "count": 1,
                    "self": 12.131625099999999,
                    "children": {
                        "demo_to_buffer": {
                            "total": 3.1543566000000016,
                            "count": 2,
                            "self": 0.019504400000004196,
                            "children": {
                                "load_demonstration": {
                                    "total": 1.1714868999999997,
                                    "count": 2,
                                    "self": 1.1708540999999997,
                                    "children": {
                                        "read_file": {
                                            "total": 0.0006327999999999889,
                                            "count": 2,
                                            "self": 0.0006327999999999889
                                        }
                                    }
                                },
                                "make_demo_buffer": {
                                    "total": 1.9633652999999978,
                                    "count": 2,
                                    "self": 0.4573744000001678,
                                    "children": {
                                        "steps_from_proto": {
                                            "total": 1.50599089999983,
                                            "count": 9184,
                                            "self": 0.5544830999999419,
                                            "children": {
                                                "_process_vector_observation": {
                                                    "total": 0.951507799999888,
                                                    "count": 36736,
                                                    "self": 0.951507799999888
                                                }
                                            }
                                        }
                                    }
                                }
                            }
                        }
                    }
                },
                "TrainerController.advance": {
                    "total": 77.29922130000007,
                    "count": 2168,
                    "self": 0.030830299999792032,
                    "children": {
                        "env_step": {
                            "total": 77.26839100000028,
                            "count": 2168,
                            "self": 53.430851700000254,
                            "children": {
                                "SubprocessEnvManager._take_step": {
                                    "total": 23.799845500000107,
                                    "count": 2168,
                                    "self": 0.19310310000012976,
                                    "children": {
                                        "TorchPolicy.evaluate": {
                                            "total": 23.606742399999977,
                                            "count": 2157,
                                            "self": 3.9290158999999356,
                                            "children": {
                                                "TorchPolicy.sample_actions": {
                                                    "total": 19.67772650000004,
                                                    "count": 2157,
                                                    "self": 19.67772650000004
                                                }
                                            }
                                        }
                                    }
                                },
                                "workers": {
                                    "total": 0.03769379999991784,
                                    "count": 2167,
                                    "self": 0.0,
                                    "children": {
                                        "worker_root": {
                                            "total": 82.2541563000002,
                                            "count": 2167,
                                            "is_parallel": true,
                                            "self": 37.52342800000004,
                                            "children": {
                                                "steps_from_proto": {
                                                    "total": 0.00036620000000020525,
                                                    "count": 1,
                                                    "is_parallel": true,
                                                    "self": 0.00010819999999966967,
                                                    "children": {
                                                        "_process_vector_observation": {
                                                            "total": 0.0002580000000005356,
                                                            "count": 4,
                                                            "is_parallel": true,
                                                            "self": 0.0002580000000005356
                                                        }
                                                    }
                                                },
                                                "UnityEnvironment.step": {
                                                    "total": 44.730362100000164,
                                                    "count": 2167,
                                                    "is_parallel": true,
                                                    "self": 0.19184380000032775,
                                                    "children": {
                                                        "UnityEnvironment._generate_step_input": {
                                                            "total": 0.44029419999994346,
                                                            "count": 2167,
                                                            "is_parallel": true,
                                                            "self": 0.44029419999994346
                                                        },
                                                        "communicator.exchange": {
                                                            "total": 43.46320230000004,
                                                            "count": 2167,
                                                            "is_parallel": true,