{
    "name": "root",
    "metadata": {
        "timer_format_version": "0.1.0",
        "start_time_seconds": "1614449575",
        "python_version": "3.8.5 (default, Sep  3 2020, 21:29:08) [MSC v.1916 64 bit (AMD64)]",
        "command_line_arguments": "C:\\Users\\Peti\\Documents\\GitHub\\Nyomod\\Nyomod1\\ml-agent-01\\Scripts\\mlagents-learn config/Test1.yaml --run-id=AgentTest9",
        "mlagents_version": "0.23.0",
        "mlagents_envs_version": "0.23.0",
        "communication_protocol_version": "1.3.0",
        "pytorch_version": "1.7.1+cu110",
        "numpy_version": "1.18.5",
        "end_time_seconds": "1614449656"
    },
    "total": 80.87257650000001,
    "count": 1,
    "self": 0.018080900000001066,
    "children": {
        "run_training.setup": {
            "total": 0.015569499999999792,
            "count": 1,
            "self": 0.015569499999999792
        },
        "TrainerController.start_learning": {
            "total": 80.83892610000001,
            "count": 1,
            "self": 0.11189529999981573,
            "children": {
                "TrainerController._reset_env": {
                    "total": 7.5904732,
                    "count": 1,
                    "self": 7.5904732
                },
                "TrainerController.advance": {
                    "total": 72.88767130000018,
                    "count": 4136,
                    "self": 0.05245170000053179,
                    "children": {
                        "env_step": {
                            "total": 72.83521959999965,
                            "count": 4136,
                            "self": 54.35420849999933,
                            "children": {
                                "SubprocessEnvManager._take_step": {
                                    "total": 18.4246130000003,
                                    "count": 4136,
                                    "self": 0.2789649000002399,
                                    "children": {
                                        "TorchPolicy.evaluate": {
                                            "total": 18.14564810000006,
                                            "count": 3967,
                                            "self": 3.812079200000147,
                                            "children": {
                                                "TorchPolicy.sample_actions": {
                                                    "total": 14.333568899999912,
                                                    "count": 3967,
                                                    "self": 14.333568899999912
                                                }
                                            }
                                        }
                                    }
                                },
                                "workers": {
                                    "total": 0.05639810000001333,
                                    "count": 4135,
                                    "self": 0.0,
                                    "children": {
                                        "worker_root": {
                                            "total": 74.73165909999966,
                                            "count": 4135,
                                            "is_parallel": true,
                                            "self": 24.8698224999997,
                                            "children": {
                                                "steps_from_proto": {
                                                    "total": 0.000885099999999639,
                                                    "count": 1,
                                                    "is_parallel": true,
                                                    "self": 0.00029239999999841615,
                                                    "children": {
                                                        "_process_vector_observation": {
                                                            "total": 0.0005927000000012228,
                                                            "count": 4,
                                                            "is_parallel": true,
                                                            "self": 0.0005927000000012228
                                                        }
                                                    }
                                                },
                                                "UnityEnvironment.step": {
                                                    "total": 49.86095149999996,
                                                    "count": 4135,
                                                    "is_parallel": true,
                                                    "self": 0.2939264999997775,
                                                    "children": {
                                                        "UnityEnvironment._generate_step_input": {
                                                            "total": 0.6898914000002421,
                                                            "count": 4135,
                                                            "is_parallel": true,
                                                            "self": 0.6898914000002421
                                                        },
                                                        "communicator.exchange": {
                                                            "total": 47.857872500000106,
                                                            "count": 4135,
                                                            "is_parallel": true,
                                                            "self": 47.857872500000106
                                                        },
                                                        "steps_from_proto": {
                                                            "total": 1.0192610999998397,
                                                            "count": 4135,
                                                            "is_parallel": true,
                                                            "self": 0.33363529999922115,
                                                            "children": {
                                                                "_process_vector_observation": {
                                                                    "total": 0.6856258000006186,
                                                                    "count": 16540,
                                                                    "is_parallel": true,
                                                                    "self": 0.6856258000006186
                                                                }
                                                            }
                                                        }
                                                    }
                                                }
                                            }
                                        }
                                    }
                                }
                            }
                        }
                    }
                },
                "trainer_threads": {
                    "total": 2.4800000005598122e-05,
                    "count": 1,
                    "self": 2.4800000005598122e-05,
                    "children": {
                        "thread_root": {
                            "total": 0.0,
                            "count": 0,
                            "is_parallel": true,
                            "self": 0.0,
                            "children": {
                                "trainer_advance": {
                                    "total": 72.87753429999987,