{
    "name": "root",
    "gauges": {
        "EnemyAgent.Policy.Entropy.mean": {
            "value": 1.4124729633331299,
            "min": 1.4118845462799072,
            "max": 1.418394684791565,
            "count": 10
        },
        "EnemyAgent.Policy.ExtrinsicValueEstimate.mean": {
            "value": -0.8518735766410828,
            "min": -0.8572960495948792,
            "max": 0.1430671662092209,
            "count": 10
        },
        "EnemyAgent.Environment.EpisodeLength.mean": {
            "value": 158.98397435897436,
            "min": 158.95541401273886,
            "max": 160.22697368421052,
            "count": 10
        },
        "EnemyAgent.Environment.CumulativeReward.mean": {
            "value": -2.0970128728793216,
            "min": -2.097372659452402,
            "max": -2.0672566253495845,
            "count": 10
        },
        "EnemyAgent.Policy.ExtrinsicReward.mean": {
            "value": -2.0970128728793216,
            "min": -2.097372659452402,
            "max": -2.0672566253495845,
            "count": 10
        },
        "EnemyAgent.Losses.PolicyLoss.mean": {
            "value": 0.022109587391411573,
            "min": 0.022109587391411573,
            "max": 0.026177814832335573,
            "count": 10
        },
        "EnemyAgent.Losses.ValueLoss.mean": {
            "value": 0.006200703782960773,
            "min": 0.005955604549186925,
            "max": 0.08659017138803998,
            "count": 10
        },
        "EnemyAgent.Policy.LearningRate.mean": {
            "value": 1.62768945744e-05,
            "min": 1.62768945744e-05,
            "max": 0.0002846104551298499,
            "count": 10
        },
        "EnemyAgent.Policy.Epsilon.mean": {
            "value": 0.10542560000000001,
            "min": 0.10542560000000001,
            "max": 0.19487015000000002,
            "count": 10
        },
        "EnemyAgent.Policy.Beta.mean": {
            "value": 0.0002807374400000001,
            "min": 0.0002807374400000001,
            "max": 0.004744020484999999,
            "count": 10
        },
        "EnemyAgent.IsTraining.mean": {
            "value": 1.0,
            "min": 1.0,
            "max": 1.0,
            "count": 10
        }
    },
    "metadata": {
        "timer_format_version": "0.1.0",
        "start_time_seconds": "1614640458",
        "python_version": "3.8.5 (default, Sep  3 2020, 21:29:08) [MSC v.1916 64 bit (AMD64)]",
        "command_line_arguments": "C:\\Users\\Peti\\Documents\\GitHub\\Nyomod\\Nyomod1\\ml-agent-01\\Scripts\\mlagents-learn config/Test1.yaml --env=Teach/SzakdogaProba --num-envs=10 --run-id=NightTest",
        "mlagents_version": "0.23.0",
        "mlagents_envs_version": "0.23.0",
        "communication_protocol_version": "1.3.0",
        "pytorch_version": "1.7.1+cu110",
        "numpy_version": "1.18.5",
        "end_time_seconds": "1614642905"
    },
    "total": 2447.3944361999997,
    "count": 1,
    "self": 1.1632484000001568,
    "children": {
        "run_training.setup": {
            "total": 0.059017100000000156,
            "count": 1,
            "self": 0.059017100000000156
        },
        "TrainerController.start_learning": {
            "total": 2446.1721706999997,
            "count": 1,
            "self": 4.767446099986955,
            "children": {
                "TrainerController._reset_env": {
                    "total": 17.359985799999997,
                    "count": 1,
                    "self": 17.359985799999997
                },
                "TrainerController.advance": {
                    "total": 2423.962094700013,
                    "count": 63331,
                    "self": 1.3499145000696444,
                    "children": {
                        "env_step": {
                            "total": 2422.6121801999434,
                            "count": 63331,
                            "self": 246.50216950003232,
                            "children": {
                                "SubprocessEnvManager._take_step": {
                                    "total": 2170.551303499921,
                                    "count": 503192,
                                    "self": 46.405149199865264,
                                    "children": {
                                        "TorchPolicy.evaluate": {
                                            "total": 2124.1461543000555,
                                            "count": 500371,
                                            "self": 430.0384807999219,
                                            "children": {
                                                "TorchPolicy.sample_actions": {
                                                    "total": 1694.1076735001336,
                                                    "count": 500371,
                                                    "self": 1694.1076735001336
                                                }
                                            }
                                        }
                                    }
                                },
                                "workers": {
                                    "total": 5.558707199990309,
                                    "count": 63331,
                                    "self": 0.0,
                                    "children": {
                                        "worker_root": {
                                            "total": 24288.04038490005,
                                            "count": 503190,
                                            "is_parallel": true,
                                            "self": 20993.389591600215,
                                            "children": {
                                                "steps_from_proto": {
                                                    "total": 0.007271400000000483,
                                                    "count": 10,
                                                    "is_parallel": true,
                                                    "self": 0.001946100000001394,
                                                    "children": {
                                                        "_process_vector_observation": {
                                                            "total": 0.005325299999999089,
                                                            "count": 40,
                                                            "is_parallel": true,
                                                            "self": 0.005325299999999089
                                                        }
                                                    }
                                                },
                                                "UnityEnvironment.step": {
                                                    "total": 3294.6435218998363,
                                                    "count": 503190,
                                                    "is_parallel": true,
                                                    "self": 51.173194699988926,
                                                    "children": {
                                                        "UnityEnvironment._generate_step_input": {
                                                            "total": 114.50040619991857,
                                                            "count": 503190,
                                                            "is_parallel": true,
                                                            "self": 114.50040619991857
                                                        },
                                                        "communicator.exchange": {
                                                            "total": 2957.9852047999784,
                                                            "count": 503190,