{
    "name": "root",
    "gauges": {
        "EnemyAgent.Policy.Entropy.mean": {
            "value": 1.3989825248718262,
            "min": 1.3989825248718262,
            "max": 1.4186056852340698,
            "count": 10
        },
        "EnemyAgent.Policy.ExtrinsicValueEstimate.mean": {
            "value": 41.086238861083984,
            "min": -1.34579598903656,
            "max": 41.086238861083984,
            "count": 10
        },
        "EnemyAgent.Environment.EpisodeLength.mean": {
            "value": 189.75478927203065,
            "min": 166.5284280936455,
            "max": 197.33734939759037,
            "count": 10
        },
        "EnemyAgent.Environment.CumulativeReward.mean": {
            "value": -0.8771724805835335,
            "min": -0.9532611163924019,
            "max": -0.5780651298007125,
            "count": 10
        },
        "EnemyAgent.Policy.ExtrinsicReward.mean": {
            "value": -0.8771724805835335,
            "min": -0.9532611163924019,
            "max": -0.5780651298007125,
            "count": 10
        },
        "EnemyAgent.Losses.PolicyLoss.mean": {
            "value": 0.023107759117137906,
            "min": 0.02062154644479354,
            "max": 0.027288097445367993,
            "count": 10
        },
        "EnemyAgent.Losses.ValueLoss.mean": {
            "value": 1.8318068353335064,
            "min": 0.028097404950919252,
            "max": 6.735656776428224,
            "count": 10
        },
        "EnemyAgent.Policy.LearningRate.mean": {
            "value": 1.6326094557999993e-05,
            "min": 1.6326094557999993e-05,
            "max": 0.00028449990516669996,
            "count": 10
        },
        "EnemyAgent.Policy.Epsilon.mean": {
            "value": 0.105442,
            "min": 0.105442,
            "max": 0.19483330000000007,
            "count": 10
        },
        "EnemyAgent.Policy.Beta.mean": {
            "value": 0.0002815557999999999,
            "min": 0.0002815557999999999,
            "max": 0.004742181670000001,
            "count": 10
        },
        "EnemyAgent.IsTraining.mean": {
            "value": 1.0,
            "min": 1.0,
            "max": 1.0,
            "count": 10
        }
    },
    "metadata": {
        "timer_format_version": "0.1.0",
        "start_time_seconds": "1614609171",
        "python_version": "3.8.5 (default, Sep  3 2020, 21:29:08) [MSC v.1916 64 bit (AMD64)]",
        "command_line_arguments": "C:\\Users\\Peti\\Documents\\GitHub\\Nyomod\\Nyomod1\\ml-agent-01\\Scripts\\mlagents-learn config/Test1.yaml --env=Teach/SzakdogaProba --num-envs=8 --run-id=ShootAgentv2_01",
        "mlagents_version": "0.23.0",
        "mlagents_envs_version": "0.23.0",
        "communication_protocol_version": "1.3.0",
        "pytorch_version": "1.7.1+cu110",
        "numpy_version": "1.18.5",
        "end_time_seconds": "1614611754"
    },
    "total": 2583.0649233000004,
    "count": 1,
    "self": 0.8883417000001828,
    "children": {
        "run_training.setup": {
            "total": 0.049242599999999914,
            "count": 1,
            "self": 0.049242599999999914
        },
        "TrainerController.start_learning": {
            "total": 2582.127339,
            "count": 1,
            "self": 5.523035600034746,
            "children": {
                "TrainerController._reset_env": {
                    "total": 15.2653825,
                    "count": 1,
                    "self": 15.2653825
                },
                "TrainerController.advance": {
                    "total": 2561.269330799965,
                    "count": 87954,
                    "self": 1.766616499905922,
                    "children": {
                        "env_step": {
                            "total": 2559.502714300059,
                            "count": 87954,
                            "self": 253.50821270012284,
                            "children": {
                                "SubprocessEnvManager._take_step": {
                                    "total": 2300.2333305999205,
                                    "count": 502484,
                                    "self": 48.01820769994447,
                                    "children": {
                                        "TorchPolicy.evaluate": {
                                            "total": 2252.215122899976,
                                            "count": 500211,
                                            "self": 450.8505605999653,
                                            "children": {
                                                "TorchPolicy.sample_actions": {
                                                    "total": 1801.3645623000107,
                                                    "count": 500211,
                                                    "self": 1801.3645623000107
                                                }
                                            }
                                        }
                                    }
                                },
                                "workers": {
                                    "total": 5.761171000015434,
                                    "count": 87954,
                                    "self": 0.0,
                                    "children": {
                                        "worker_root": {
                                            "total": 20517.796728999903,
                                            "count": 502482,
                                            "is_parallel": true,
                                            "self": 16789.3415482998,
                                            "children": {
                                                "steps_from_proto": {
                                                    "total": 0.003864300000001819,
                                                    "count": 8,
                                                    "is_parallel": true,
                                                    "self": 0.0012299000000073335,
                                                    "children": {
                                                        "_process_vector_observation": {
                                                            "total": 0.0026343999999944856,
                                                            "count": 32,
                                                            "is_parallel": true,
                                                            "self": 0.0026343999999944856
                                                        }
                                                    }
                                                },
                                                "UnityEnvironment.step": {
                                                    "total": 3728.4513164001046,
                                                    "count": 502482,
                                                    "is_parallel": true,
                                                    "self": 52.57591040016678,
                                                    "children": {
                                                        "UnityEnvironment._generate_step_input": {
                                                            "total": 115.9541778999068,
                                                            "count": 502482,
                                                            "is_parallel": true,
                                                            "self": 115.9541778999068
                                                        },
                                                        "communicator.exchange": {
                                                            "total": 3382.2924644999575,
                                                            "count": 502482,