{
    "name": "root",
    "metadata": {
        "timer_format_version": "0.1.0",
        "start_time_seconds": "1614449000",
        "python_version": "3.8.5 (default, Sep  3 2020, 21:29:08) [MSC v.1916 64 bit (AMD64)]",
        "command_line_arguments": "C:\\Users\\Peti\\Documents\\GitHub\\Nyomod\\Nyomod1\\ml-agent-01\\Scripts\\mlagents-learn config/Test1.yaml --run-id=AgentTest4",
        "mlagents_version": "0.23.0",
        "mlagents_envs_version": "0.23.0",
        "communication_protocol_version": "1.3.0",
        "pytorch_version": "1.7.1+cu110",
        "numpy_version": "1.18.5",
        "end_time_seconds": "1614449046"
    },
    "total": 46.3490937,
    "count": 1,
    "self": 0.020134800000001007,
    "children": {
        "run_training.setup": {
            "total": 0.014171300000000109,
            "count": 1,
            "self": 0.014171300000000109
        },
        "TrainerController.start_learning": {
            "total": 46.314787599999995,
            "count": 1,
            "self": 0.054805900000047814,
            "children": {
                "TrainerController._reset_env": {
                    "total": 7.562548700000001,
                    "count": 1,
                    "self": 7.562548700000001
                },
                "TrainerController.advance": {
                    "total": 38.45134389999995,
                    "count": 1587,
                    "self": 0.020544799999889563,
                    "children": {
                        "env_step": {
                            "total": 38.43079910000006,
                            "count": 1587,
                            "self": 31.039690700000108,
                            "children": {
                                "SubprocessEnvManager._take_step": {
                                    "total": 7.369204299999993,
                                    "count": 1587,
                                    "self": 0.11606660000001945,
                                    "children": {
                                        "TorchPolicy.evaluate": {
                                            "total": 7.253137699999973,
                                            "count": 1557,
                                            "self": 1.496188699999923,
                                            "children": {
                                                "TorchPolicy.sample_actions": {
                                                    "total": 5.75694900000005,
                                                    "count": 1557,
                                                    "self": 5.75694900000005
                                                }
                                            }
                                        }
                                    }
                                },
                                "workers": {
                                    "total": 0.021904099999956017,
                                    "count": 1586,
                                    "self": 0.0,
                                    "children": {
                                        "worker_root": {
                                            "total": 40.39926390000008,
                                            "count": 1586,
                                            "is_parallel": true,
                                            "self": 11.153624500000177,
                                            "children": {
                                                "steps_from_proto": {
                                                    "total": 0.0006262000000001322,
                                                    "count": 1,
                                                    "is_parallel": true,
                                                    "self": 0.00017969999999944974,
                                                    "children": {
                                                        "_process_vector_observation": {
                                                            "total": 0.00044650000000068246,
                                                            "count": 4,
                                                            "is_parallel": true,
                                                            "self": 0.00044650000000068246
                                                        }
                                                    }
                                                },
                                                "UnityEnvironment.step": {
                                                    "total": 29.245013199999903,
                                                    "count": 1586,
                                                    "is_parallel": true,
                                                    "self": 0.11669240000001224,
                                                    "children": {
                                                        "UnityEnvironment._generate_step_input": {
                                                            "total": 0.2745797999999393,
                                                            "count": 1586,
                                                            "is_parallel": true,
                                                            "self": 0.2745797999999393
                                                        },
                                                        "communicator.exchange": {
                                                            "total": 28.452272099999927,
                                                            "count": 1586,
                                                            "is_parallel": true,
                                                            "self": 28.452272099999927
                                                        },
                                                        "steps_from_proto": {
                                                            "total": 0.4014689000000278,
                                                            "count": 1586,
                                                            "is_parallel": true,
                                                            "self": 0.13198820000008737,
                                                            "children": {
                                                                "_process_vector_observation": {
                                                                    "total": 0.2694806999999404,
                                                                    "count": 6344,
                                                                    "is_parallel": true,
                                                                    "self": 0.2694806999999404
                                                                }
                                                            }
                                                        }
                                                    }
                                                }
                                            }
                                        }
                                    }
                                }
                            }
                        }
                    }
                },
                "trainer_threads": {
                    "total": 1.8399999994755944e-05,
                    "count": 1,
                    "self": 1.8399999994755944e-05,
                    "children": {
                        "thread_root": {
                            "total": 0.0,
                            "count": 0,
                            "is_parallel": true,
                            "self": 0.0,