{
    "name": "root",
    "metadata": {
        "timer_format_version": "0.1.0",
        "start_time_seconds": "1614449677",
        "python_version": "3.8.5 (default, Sep  3 2020, 21:29:08) [MSC v.1916 64 bit (AMD64)]",
        "command_line_arguments": "C:\\Users\\Peti\\Documents\\GitHub\\Nyomod\\Nyomod1\\ml-agent-01\\Scripts\\mlagents-learn config/Test1.yaml --run-id=AgentTest10",
        "mlagents_version": "0.23.0",
        "mlagents_envs_version": "0.23.0",
        "communication_protocol_version": "1.3.0",
        "pytorch_version": "1.7.1+cu110",
        "numpy_version": "1.18.5",
        "end_time_seconds": "1614449728"
    },
    "total": 51.006440000000005,
    "count": 1,
    "self": 0.017963500000000465,
    "children": {
        "run_training.setup": {
            "total": 0.015125799999999856,
            "count": 1,
            "self": 0.015125799999999856
        },
        "TrainerController.start_learning": {
            "total": 50.973350700000005,
            "count": 1,
            "self": 0.03228379999988107,
            "children": {
                "TrainerController._reset_env": {
                    "total": 31.198746599999996,
                    "count": 1,
                    "self": 31.198746599999996
                },
                "TrainerController.advance": {
                    "total": 19.500373300000135,
                    "count": 996,
                    "self": 0.013588600000161932,
                    "children": {
                        "env_step": {
                            "total": 19.486784699999973,
                            "count": 996,
                            "self": 14.494991599999942,
                            "children": {
                                "SubprocessEnvManager._take_step": {
                                    "total": 4.977542300000046,
                                    "count": 996,
                                    "self": 0.07550159999989603,
                                    "children": {
                                        "TorchPolicy.evaluate": {
                                            "total": 4.90204070000015,
                                            "count": 994,
                                            "self": 0.9655198000001093,
                                            "children": {
                                                "TorchPolicy.sample_actions": {
                                                    "total": 3.9365209000000405,
                                                    "count": 994,
                                                    "self": 3.9365209000000405
                                                }
                                            }
                                        }
                                    }
                                },
                                "workers": {
                                    "total": 0.01425079999998502,
                                    "count": 995,
                                    "self": 0.0,
                                    "children": {
                                        "worker_root": {
                                            "total": 21.454609499999986,
                                            "count": 995,
                                            "is_parallel": true,
                                            "self": 8.129875599999853,
                                            "children": {
                                                "steps_from_proto": {
                                                    "total": 0.0006836000000021158,
                                                    "count": 1,
                                                    "is_parallel": true,
                                                    "self": 0.0002612999999982435,
                                                    "children": {
                                                        "_process_vector_observation": {
                                                            "total": 0.00042230000000387236,
                                                            "count": 4,
                                                            "is_parallel": true,
                                                            "self": 0.00042230000000387236
                                                        }
                                                    }
                                                },
                                                "UnityEnvironment.step": {
                                                    "total": 13.324050300000131,
                                                    "count": 995,
                                                    "is_parallel": true,
                                                    "self": 0.07384620000032882,
                                                    "children": {
                                                        "UnityEnvironment._generate_step_input": {
                                                            "total": 0.1845597000000332,
                                                            "count": 995,
                                                            "is_parallel": true,
                                                            "self": 0.1845597000000332
                                                        },
                                                        "communicator.exchange": {
                                                            "total": 12.801990399999905,
                                                            "count": 995,
                                                            "is_parallel": true,
                                                            "self": 12.801990399999905
                                                        },
                                                        "steps_from_proto": {
                                                            "total": 0.26365399999986394,
                                                            "count": 995,
                                                            "is_parallel": true,
                                                            "self": 0.08698519999956034,
                                                            "children": {
                                                                "_process_vector_observation": {
                                                                    "total": 0.1766688000003036,
                                                                    "count": 3980,
                                                                    "is_parallel": true,
                                                                    "self": 0.1766688000003036
                                                                }
                                                            }
                                                        }
                                                    }
                                                }
                                            }
                                        }
                                    }
                                }
                            }
                        }
                    }
                },
                "trainer_threads": {
                    "total": 0.00035059999999731417,
                    "count": 1,
                    "self": 0.00035059999999731417,
                    "children": {
                        "thread_root": {
                            "total": 0.0,
                            "count": 0,
                            "is_parallel": true,
                            "self": 0.0,