{
    "name": "root",
    "metadata": {
        "timer_format_version": "0.1.0",
        "start_time_seconds": "1614449402",
        "python_version": "3.8.5 (default, Sep  3 2020, 21:29:08) [MSC v.1916 64 bit (AMD64)]",
        "command_line_arguments": "C:\\Users\\Peti\\Documents\\GitHub\\Nyomod\\Nyomod1\\ml-agent-01\\Scripts\\mlagents-learn config/Test1.yaml --run-id=AgentTest6",
        "mlagents_version": "0.23.0",
        "mlagents_envs_version": "0.23.0",
        "communication_protocol_version": "1.3.0",
        "pytorch_version": "1.7.1+cu110",
        "numpy_version": "1.18.5",
        "end_time_seconds": "1614449423"
    },
    "total": 21.4492796,
    "count": 1,
    "self": 0.008481299999999692,
    "children": {
        "run_training.setup": {
            "total": 0.013055500000000109,
            "count": 1,
            "self": 0.013055500000000109
        },
        "TrainerController.start_learning": {
            "total": 21.4277428,
            "count": 1,
            "self": 0.030206700000032782,
            "children": {
                "TrainerController._reset_env": {
                    "total": 12.249126799999999,
                    "count": 1,
                    "self": 12.249126799999999
                },
                "TrainerController.advance": {
                    "total": 8.97182819999997,
                    "count": 403,
                    "self": 0.006216199999984795,
                    "children": {
                        "env_step": {
                            "total": 8.965611999999986,
                            "count": 403,
                            "self": 6.507072299999944,
                            "children": {
                                "SubprocessEnvManager._take_step": {
                                    "total": 2.4519686000000718,
                                    "count": 403,
                                    "self": 0.033878500000044554,
                                    "children": {
                                        "TorchPolicy.evaluate": {
                                            "total": 2.418090100000027,
                                            "count": 401,
                                            "self": 0.4116748999999693,
                                            "children": {
                                                "TorchPolicy.sample_actions": {
                                                    "total": 2.006415200000058,
                                                    "count": 401,
                                                    "self": 2.006415200000058
                                                }
                                            }
                                        }
                                    }
                                },
                                "workers": {
                                    "total": 0.006571099999970187,
                                    "count": 402,
                                    "self": 0.0,
                                    "children": {
                                        "worker_root": {
                                            "total": 10.838237100000034,
                                            "count": 402,
                                            "is_parallel": true,
                                            "self": 4.867753400000021,
                                            "children": {
                                                "steps_from_proto": {
                                                    "total": 0.0006430000000001712,
                                                    "count": 1,
                                                    "is_parallel": true,
                                                    "self": 0.00022740000000354144,
                                                    "children": {
                                                        "_process_vector_observation": {
                                                            "total": 0.0004155999999966298,
                                                            "count": 4,
                                                            "is_parallel": true,
                                                            "self": 0.0004155999999966298
                                                        }
                                                    }
                                                },
                                                "UnityEnvironment.step": {
                                                    "total": 5.969840700000013,
                                                    "count": 402,
                                                    "is_parallel": true,
                                                    "self": 0.032997600000060245,
                                                    "children": {
                                                        "UnityEnvironment._generate_step_input": {
                                                            "total": 0.07706539999997197,
                                                            "count": 402,
                                                            "is_parallel": true,
                                                            "self": 0.07706539999997197
                                                        },
                                                        "communicator.exchange": {
                                                            "total": 5.743035999999979,
                                                            "count": 402,
                                                            "is_parallel": true,
                                                            "self": 5.743035999999979
                                                        },
                                                        "steps_from_proto": {
                                                            "total": 0.11674170000000217,
                                                            "count": 402,
                                                            "is_parallel": true,
                                                            "self": 0.03969780000007184,
                                                            "children": {
                                                                "_process_vector_observation": {
                                                                    "total": 0.07704389999993033,
                                                                    "count": 1608,
                                                                    "is_parallel": true,
                                                                    "self": 0.07704389999993033
                                                                }
                                                            }
                                                        }
                                                    }
                                                }
                                            }
                                        }
                                    }
                                }
                            }
                        }
                    }
                },
                "trainer_threads": {
                    "total": 0.00012840000000124974,
                    "count": 1,
                    "self": 0.00012840000000124974,
                    "children": {
                        "thread_root": {
                            "total": 0.0,
                            "count": 0,
                            "is_parallel": true,
                            "self": 0.0,
                            "children": {
                                "trainer_advance": {
                                    "total": 8.983458000000024,