{
    "name": "root",
    "metadata": {
        "timer_format_version": "0.1.0",
        "start_time_seconds": "1614450903",
        "python_version": "3.8.5 (default, Sep  3 2020, 21:29:08) [MSC v.1916 64 bit (AMD64)]",
        "command_line_arguments": "C:\\Users\\Peti\\Documents\\GitHub\\Nyomod\\Nyomod1\\ml-agent-01\\Scripts\\mlagents-learn config/Test1.yaml --run-id=AgentTest13",
        "mlagents_version": "0.23.0",
        "mlagents_envs_version": "0.23.0",
        "communication_protocol_version": "1.3.0",
        "pytorch_version": "1.7.1+cu110",
        "numpy_version": "1.18.5",
        "end_time_seconds": "1614451096"
    },
    "total": 192.6597954,
    "count": 1,
    "self": 0.022120000000001028,
    "children": {
        "run_training.setup": {
            "total": 0.010905500000000012,
            "count": 1,
            "self": 0.010905500000000012
        },
        "TrainerController.start_learning": {
            "total": 192.6267699,
            "count": 1,
            "self": 0.256637199999858,
            "children": {
                "TrainerController._reset_env": {
                    "total": 9.0120918,
                    "count": 1,
                    "self": 9.0120918
                },
                "TrainerController.advance": {
                    "total": 183.02525550000016,
                    "count": 10227,
                    "self": 0.1270616000007294,
                    "children": {
                        "env_step": {
                            "total": 182.89819389999943,
                            "count": 10227,
                            "self": 135.11443999999986,
                            "children": {
                                "SubprocessEnvManager._take_step": {
                                    "total": 47.64993760000054,
                                    "count": 10227,
                                    "self": 0.7104380000005648,
                                    "children": {
                                        "TorchPolicy.evaluate": {
                                            "total": 46.93949959999998,
                                            "count": 9841,
                                            "self": 10.5185807000002,
                                            "children": {
                                                "TorchPolicy.sample_actions": {
                                                    "total": 36.420918899999776,
                                                    "count": 9841,
                                                    "self": 36.420918899999776
                                                }
                                            }
                                        }
                                    }
                                },
                                "workers": {
                                    "total": 0.13381629999901712,
                                    "count": 10226,
                                    "self": 0.0,
                                    "children": {
                                        "worker_root": {
                                            "total": 184.51831020000066,
                                            "count": 10226,
                                            "is_parallel": true,
                                            "self": 60.921528200000736,
                                            "children": {
                                                "steps_from_proto": {
                                                    "total": 0.00033270000000040767,
                                                    "count": 1,
                                                    "is_parallel": true,
                                                    "self": 9.24999999991627e-05,
                                                    "children": {
                                                        "_process_vector_observation": {
                                                            "total": 0.00024020000000124497,
                                                            "count": 4,
                                                            "is_parallel": true,
                                                            "self": 0.00024020000000124497
                                                        }
                                                    }
                                                },
                                                "UnityEnvironment.step": {
                                                    "total": 123.59644929999992,
                                                    "count": 10226,
                                                    "is_parallel": true,
                                                    "self": 0.7288908999995556,
                                                    "children": {
                                                        "UnityEnvironment._generate_step_input": {
                                                            "total": 1.6874242000005744,
                                                            "count": 10226,
                                                            "is_parallel": true,
                                                            "self": 1.6874242000005744
                                                        },
                                                        "communicator.exchange": {
                                                            "total": 118.7017478999998,
                                                            "count": 10226,
                                                            "is_parallel": true,
                                                            "self": 118.7017478999998
                                                        },
                                                        "steps_from_proto": {
                                                            "total": 2.478386299999979,
                                                            "count": 10226,
                                                            "is_parallel": true,
                                                            "self": 0.8190689999997609,
                                                            "children": {
                                                                "_process_vector_observation": {
                                                                    "total": 1.6593173000002182,
                                                                    "count": 40904,
                                                                    "is_parallel": true,
                                                                    "self": 1.6593173000002182
                                                                }
                                                            }
                                                        }
                                                    }
                                                }
                                            }
                                        }
                                    }
                                }
                            }
                        }
                    }
                },
                "trainer_threads": {
                    "total": 2.509999998778767e-05,
                    "count": 1,
                    "self": 2.509999998778767e-05,
                    "children": {
                        "thread_root": {
                            "total": 0.0,
                            "count": 0,
                            "is_parallel": true,
                            "self": 0.0,
                            "children": {
                                "trainer_advance": {
                                    "total": 182.98750929999935,